<?xml version="99.0.0" encoding="UTF-8" standalone="yes"?>
<addon id="plugin.video.adjara" name="adjaranet" version="1.0.9" provider-name="mrsamkhar">
  <requires>
    <import addon="xbmc.python" version="2.1.0"/>
	<import addon="repository.xbmc-israel" />
  </requires>
  <extension point="xbmc.python.pluginsource" library="default.py">
        <provides>video</provides>
  </extension>
  <extension point="xbmc.addon.metadata">
    <summary lang="en">adjaranet video viewer for kodi</summary>
    <description lang="en">wathc georian translated movies in kodi</description>
    <platform>all</platform>
  </extension>
</addon>
